Timestamp,name,clan,kingdom,reign_start,reign_end,predecessor_relation,reign_details,
14/10/2021 01:48:36,උපතිස්ස,විජය රාජවංශය,උපතිස්ස නුවර රාජධානිය,505 BC,504 BC,විජයගේ ප්‍රධාන අමාත්‍යවරයායි.,"මහාවංසයට අනූව, උපතිස්ස රජ යනු විජය රජුගේ ප්‍රධාන රාජකීය ඇමතිවරයෙකු ලෙස කටයුතු කල අයෙකු වෙයි. ""උපතිස්සගම"" ඔහු විසින් ඉදිකරන ලද්දකි.",
14/10/2021 02:08:43,පණ්ඩුවාසදේව,විජය රාජවංශය,උපතිස්ස නුවර රාජධානිය,504 BC,474 BC,විජයගේ බෑණා ය.,"පඬුවස්දෙව් කුමාරයා, උපතිස්ස නුවර (වර්තමාන මල්වතු ඔය ආශ්‍රිත ප්‍රදේශයක්) රජු විය. භද්දකච්චායනා කුමරිය නම් ශාක්‍ය වංශික කුමරියක් බිසව කරගත්තේය. ඇගෙන් ඔහුට අභය,තිස්ස,උත්තිය,තිස්සා,අසේල,විහාන,රාම,ශිව,මත්තකාල,මත්තක, යනුවෙන් පුතුන් 10 දෙනෙකු සහ චිත්‍රා (උන්මාද චිත්‍රා) යනුවෙන් දියණියක්ද විය.",
14/10/2021 02:10:23,අභය,විජය රාජවංශය,උපතිස්ස නුවර රාජධානිය,474 BC,454 BC,පණ්ඩුවාසදේවගේ පුත්‍රයායි.,"අභය රජ යනු උපතිස්ස නුවර රජ ලෙසින්, ක්‍රිපූ 474 සිට ක්‍රිපූ 454 දක්වා රාජ්‍ය පාලනය කළ රජෙකි. ඔහුගේ සොහොයුරන් විසින් ඔවුන් අතුරින් උපතිස්ස නුවර මීළඟ රජ වීමට සුදුසුතම වැඩිමහලා බවට තෝරා ගැනීම නිසා, ඔහුගේ පියාවූ පඞුවස්දෙව් රජුගේ අනුප්‍රාප්තිකයා ලෙසින් ඔහු රජ විය.",
14/10/2021 02:16:32,තිස්ස,විජය රාජවංශය,උපතිස්ස නුවර රාජධානිය,454 BC,437 BC,පණ්ඩුවාසදේවගේ දෙවන පුත්‍රයායි. අභයගේ බාල සොහොයුරායි‍.,තිස්ස කියා සිටියේ පණ්ඩුකාභය පරාජය කිරීමෙන් පසුව තමා රජකමට අභිෂේක කරන බවයි. කෙසේ වෙතත් පණ්ඩුකාභය ජයග්‍රාහී ලෙස සටන ජයගත් නිසා තිස්ස ඔහුගේ බාල සොහොයුරන් අට දෙනා සමඟම සටනේදී මිය ගියේය. ,
14/10/2021 02:22:27,පණ්ඩුකාභය,විජය රාජවංශය,උපතිස්ස නුවර රාජධානිය,437 BC,377 BC,පණ්ඩුවාසදේවගේ මුණුපුරායි. අභය සහ තිස්සගේ බෑණායි.,"පණ්ඩුකාභය යනු, ලංකාවේ සිටි ශ්‍රේෂ්ඨ රජකෙනෙකි. ඔහු ආර්යයන් පරදා රට එක් සෙසත් කළ මුල්ම ස්වදෙශික පාලකයාය. එතුමා විසින් අනුරාධපුරය අගනුවරක් ලෙසින් දියුණු කළේය.",
15/10/2021 21:21:55,මුටසීව,විජය රාජවංශය,අනුරාධපුර රාජධානිය,367 BC,307 BC,පණ්ඩුකාභය රජුගේ පුත්‍රයායි.,"මෙම රජු වසර හැටක් රාජ්‍යය කල අතර එම කාලය අත්‍යන්තයෙන් සාමකාමී යුගයක් විය. අනුරාධපුරයේ මහමෙවුනා උද්‍යානය ඔහුගේ නිර්මාණයක් වන අතර, ඔහුගේ කාර්ය ඵලයක් ලෙසින් ඓතිහාසික වාර්තා වල සඳහන් වන්නේ එපමණකි.",
15/10/2021 21:23:08,දේවානම්පිය තිස්ස,විජය රාජවංශය,අනුරාධපුර රාජධානිය,307 BC,267 BC,මුටසීවගේ පුත්‍රයායි.,දේවානම්පියතිස්ස රජු අනුරාධපුරය මුලස්ථානය කරගෙන රජ කළ පැරණි රජවරුන්ගෙන් කෙනෙකි. ඔහුගේ රාජ්‍ය කාලය වැදගත් වන‍්නේ මෞර්ය වංශික අශෝක අධිරාජ්‍යයාගේ අනුග්‍රහය ඇතිව එම පාලන සමය තුළ ලංකාවට බුද්ධාගම පැමිණීම හේතුවෙනි.,
15/10/2021 21:24:09,උත්තිය,විජය රාජවංශය,අනුරාධපුර රාජධානිය,267 BC,257 BC,මුටසීවගේ පුත්‍රයෙකි.,"උත්තිය රජ අනුරාධපුර නගරය අගනුවර කරගෙන, ක්‍රිපූ 267 සිට ක්‍රිපූ 257 දක්වා රාජ්‍යය පාලනය කල, රජරට රාජධානියෙහි රජ කෙනෙකි.",
15/10/2021 21:25:13,මහාසිව,විජය රාජවංශය,අනුරාධපුර රාජධානිය,257 BC,247 BC,මුටසීවගේ පුත්‍රයායි.,"මහාසිව යනු, මුටසිව රජුගේ බොහෝ පුතුන්ගෙන් එක් අයෙකු වූ අතර, දේවානම්පිය තිස්ස රජ, උත්තිය රජ සහ අසේල රජ යන්නන්ගේ සහෝදරයා විය.",
15/10/2021 21:26:26,සූරතිස්ස,විජය රාජවංශය,අනුරාධපුර රාජධානිය,247 BC,237 BC,පණ්ඩුකාභයගේ පුත්‍රයායි.,"පණ්ඩුකාභය රජුගේ ලාබාල පුත්‍රයාවූ ඔහු, මුටසිව රජුගේ සහෝදරයා විය. දකුණු ඉන්දියානු දෙමළ ආක්‍රමණිකයන් දෙදෙනෙකුවූ සේන සහ ගුත්තික විසින් සූරතිස්ස රජු පරාජය කොට සටනේදී මරා දමා, සිංහල සිංහාසනය පැහැරගෙන අනුරාධපුරයේ ඒකාබද්ධ පාලකයන් වූ අතර, ශ්‍රී ලංකා‍ව තුල දෙමළ පාලනයක් පිළිබඳව ඓතිහාසිකව වාර්තා වන පළමුවන අවස්ථාව මෙය වෙයි. සිංහල පාලනය, ක්‍රිපූ 215 දී යළි සංස්ථාපනය කෙරිණි.",
16/10/2021 01:27:39,සේන සහ ගුත්තික,දුවිඩ ආක්‍රමණික,අනුරාධපුර රාජධානිය,237 BC,215 BC,,ලංකාවට පැමිණි ප්‍රතම ආක්‍රමණිකයන් ලෙස මහාවංශයයේ සදහන්වේ මොවුන් දෙදෙනා දුවිඩ ජාතික අශ්ව වෙළදුන් දෙදෙනෙකි ලංකාව පැමිණ සූරතිස්ස රජුගේ හමුදාවට බැදී කලක් සේවය කොට කුමන්ත්‍රණකාරීව බලය අල්ලාගෙන සූරතිස්ස රජු මරා සිහසුන පැහැරගත් ඔවුන් වසර 22 ලංකා වෙ සිහසුන හෙබවීය අධාර්මික පාලනයක් ගෙනගිය මොවුන් වෙහෙර විහාර විනාශ කරමින් අධාර්මික පාලනයන් ගෙනගියහ,
16/10/2021 01:29:17,අසේල,විජය රාජවංශය,අනුරාධපුර රාජධානිය,215 BC,205 BC,මුටසීව රජුගේ පුත්‍රයෙකි.,සේන සහ ගුත්තික යන ද්‍රවිඩ ආක්‍රමණිකයන් මරා එතැන් සිට දස අවුරුද්දක් රජකම් කරන ලදී. ද්‍රවිඩ ආක්‍රමණිකයන්ගේ පළමු කුමන්ත්‍රණය අසේල රජු විසින් නිමා කරන ලදී. ක්‍රිපූ 205දී මහවැලි ගංතොටින් මෙරටට ගොඩ බැසි දෙමළ ආක්‍රමණිකයෙකු වූ එළාර නැමැත්තා ඒ වන විට වයස් ගතව සිටි අසේල රජු මරවා රජරට සිය යටතට ලබා ගන්නා ලදී.,
16/10/2021 01:31:59,එළාර,දුවිඩ ආක්‍රමණික,අනුරාධපුර රාජධානිය,205 BC,161 BC,,"එළාර යනු, වර්තමාන දකුණු ඉන්දියාවේ, එකල චෝල රාජධානියේ සොළී රජෙක් වූ අතර, වර්තමාන ශ්‍රී ලංකාවේ කොටසක් ක්‍රිපූ 205 සිට ක්‍රිපූ 161 දක්වා පාලනය කල අතර, මෙයට අනුරාධපුරය පුරාතන අගනගරයද අයත් විය. සොළී රටෙහි දෙමළ ජාතිකයෙකු වන එළාර, සිංහලයන් විසින් පවා සාම්ප්‍රදායික ලෙසින් සැලකෙන්නේ ධර්මිෂ්ඨ රජෙකු ලෙසිනි.",
16/10/2021 01:34:30,දුට්ඨගාමිණී අභය,විජය රාජවංශය,අනුරාධපුර රාජධානිය,161 BC,137 BC,එළාර රජුව පැරදවී ය. කාවන්තිස්ස රජුගේ වැඩිමහල් පුත්‍රයායි. ,"මෙතුමා රජරට පාලකයාව සිටි ආක්‍රමණික එළාර රජ පරදා චෝළ අධිරාජ්‍යයෙන් ලාංකීය ජනතාව රැක ගත්හ. මොහුට දස මහා යෝධයෝ සිටියෝ ය. ඔවුන් ""සුරනිමල, මහාසෝන, ගෝඨයිම්බර, ථේරපුත්තාභය, භරණ, වේළුසුමන, ලභියවසභ, ඛංඡදේව, පුස්සදේව, නන්දිමිත්‍ර වේ.",
16/10/2021 01:36:57,සද්ධාතිස්ස,විජය රාජවංශය,අනුරාධපුර රාජධානිය,137 BC,119 BC,දුටුගැමුණු රජුගේ සොහොයුරායි.,"එතුමා කාවන්තිස්ස රජුගේ පුතණුවන් සහ දුටුගැමුණු රජුගේ සොහොයුරා වෙයි.
සද්දාතිස්ස රජුට දාව දරුවෝ සිව් දෙනෙකි. තුලත්ථන, ලංජතිස්ස (ලැමිණිතිස්), ඛල්ලාඨනාග (අනුලා දේවි සමග විවාහ වී මහාචුලික නම් පුතෙක් සිටියහ.), වළගම්බා (වට්ටගාමිණී අභය/වලගම් අබා).",
16/10/2021 01:38:07,තුලත්ථන,විජය රාජවංශය,අනුරාධපුර රාජධානිය,119 BC,119 BC,සද්ධාතිස්සගේ දෙවන පුත්‍රයායි.,සද්ධාතිස්ස රජගේ ඇවෑමෙන් පසු ඔහුගේ දෙවැනි පුත් තුලත්ථන රජ එක් මස් දස දිනක් රජ කම් කරන ලදී. එවක දිගාමඩුල්ලෙහි සිටි ඔහුගේ දෙටු සොයුරු ලජ්ජිතිස්ස කුමරු අනුරාධපුරයට පැමිණ ඔහු නෙරපා රාජ උරුමය ලබා ගන්නා ලදී.,
16/10/2021 01:39:15,ලංජතිස්ස,විජය රාජවංශය,අනුරාධපුර රාජධානිය,119 BC,109 BC,සද්ධාතිස්ස රජුගේ වැඩිමහල්ම පුත්‍රයායි.,ලංජතිස්ස රජු සද්ධාතිස්ස රජුගේ වැඩිමහල් පුතාය සිය සොහොයුරා මරා රජවිය.,
16/10/2021 01:40:00,ඛල්ලාඨනාග,විජය රාජවංශය,අනුරාධපුර රාජධානිය,109 BC,104 BC,සද්ධාතිස්සගේ තෙවන පුත්‍රයායි.,ඛල්ලාටනාග රජු සද්ධාතිස්ස රජුගේ තුන්වන ප්‍රත්‍රයාය මෙතුමා මහාරත්ථක නම් සෙනෙවියකු අතින් ඝාතනයට ලක්විය,
16/10/2021 01:42:29,වට්ටගාමිණී අභය,විජය රාජවංශය,අනුරාධපුර රාජධානිය,104 BC,103 BC,සද්ධාතිස්ස රජුගේ සිව්වන පුත්‍රයායි.,එතුමා රාජ්‍යයත්වයට පත් වි මාස 5 කට පසු කැරළි හා දකුණු ඉන්දිය ආක්‍රමණ හමුවේ පරාජයට පත් වි සිහසුන අහිමිවිය. නමුත් වසර  කට පසු ආක්‍රමණිකයන් පරාජය කර නැවත සිහසුන ලබාගැනිමට එතුමාට හැකි විය.,
16/10/2021 01:43:39,වට්ටගාමිණී අභය,විජය රාජවංශය,අනුරාධපුර රාජධානිය,89 BC,76 BC,සද්ධාතිස්ස රජුගේ සිව්වන පුත්‍රයායි.,එතුමා රාජ්‍යයත්වයට පත් වි මාස 5 කට පසු කැරළි හා දකුණු ඉන්දිය ආක්‍රමණ හමුවේ පරාජයට පත් වි සිහසුන අහිමිවිය. නමුත් වසර  කට පසු ආක්‍රමණිකයන් පරාජය කර නැවත සිහසුන ලබාගැනිමට එතුමාට හැකි විය.,
16/10/2021 01:44:43,මහාචූලි මහාතිස්ස,විජය රාජවංශය,අනුරාධපුර රාජධානිය,76 BC,62 BC,ඛල්ලාටනාග රජුගේ පුත්‍රයායි.,,
16/10/2021 01:45:25,චෝරනාග,විජය රාජවංශය,අනුරාධපුර රාජධානිය,62 BC,50 BC,වළගම්බා රජුගේ පුත්‍රයායි.,,
16/10/2021 01:46:22,කුඩා තිස්ස,විජය රාජවංශය,අනුරාධපුර රාජධානිය,50 BC,47 BC,මහාචූලි මහාතිස්ස රජුගේ පුත්‍රයායි.,,
16/10/2021 01:47:58,සිව I,විජය රාජවංශය,අනුරාධපුර රාජධානිය,47 BC,47 BC,,,
16/10/2021 01:54:33,වටුක,විජය රාජවංශය,අනුරාධපුර රාජධානිය,47 BC,47 BC,,,
16/10/2021 01:54:56,දාරුභාතික තිස්ස,විජය රාජවංශය,අනුරාධපුර රාජධානිය,47 BC,47 BC,,,
16/10/2021 01:55:21,නීලිය,විජය රාජවංශය,අනුරාධපුර රාජධානිය,47 BC,47 BC,,,
16/10/2021 01:58:21,,අනුලා රැජින,විජය රාජවංශය,අනුරාධපුර රාජධානිය,47 BC,42 BC,චෝරනාග සහ කුඩාතිස්සගේ වැන්දඹුවයි.,අර්ථවත් පාලනයක් ගෙන ගිය ශ්‍රී ලංකාවේ ප්‍රථම රැජිණයි. එසේම ඇය ආසියාවේ ප්‍රථම රාජ්‍ය පාලිකාව ද වේ. අනුලා රැජිණ බලයට පත් වූයේ චෝරනාග රජුගේ බිසව ලෙසිණි. චෝරනාග රජු අනුරාධපුරයේ වළගම්බා රජුගේ පුත්‍රයාය. කෙසේ හෝ ඇය තමාගේ පාලන කාලය තුළ අඩු ගණනේ තවත් ස්වාමි පුරුෂයන් හතර දෙනෙකුට වස දුන්නාය. අනතුරුව තම අභිමතය පරිදි රාජ්‍ය විචාලාය.
16/10/2021 01:58:58,කූටකණ්ණ තිස්ස,විජය රාජවංශය,අනුරාධපුර රාජධානිය,42 BC,20 BC,මහාචූලි මහාතිස්ස රජුගේ දෙවන පුත්‍රයායි.,,
16/10/2021 02:02:01,භාතිකාභය අභය,විජය රාජවංශය,අනුරාධපුර රාජධානිය,20 BC,9 AD,කූටකණ්ණ තිස්ස රජුගේ පුත්‍රයායි.,"සිය සොයුරු මහානාම කුමරු සමග ලෙන්ගතුකමකින් ද ක්‍රියාකළ බව මේ රජුගේ බෞද්ධ පුජාවන් නිසා ම ලංකා ඉතිහාසයේ විශේෂ ස්ථානයක් ගනී. එසේම මොහු රාජ්‍යත්වයට පැමිණිමට ප්‍රථම මොහුතුල බෞද්ධ ධර්මයට තිබු ලැදියාවද, ඔහුගේ රාජ්‍ය කාල සිමාව තුල පිලිබිඹු වේ. මහාදාඨික රජ්ජුරුවන්ගේ සහෝදරයෙක් වන නිසා මේ රජ්ජුරුවන්ගේ නාමය ‘භාතික රජ්ජුරුවෝ’ (King Bathika) නමින් දිවයිනේ ප්‍රසිද්ධ වුනා. මේ රජ්ජුරුවෝ ධාර්මිකයි. ලෝවා මහා පායේ ප්‍රතිසංස්කරණ කටයුතු කරවීම මහා ථූපයට (රුවැන්වැලිසෑය) මල් හා ජල පූජාවන් පැවැත්වීය; ඒ අනුව අභය වැවේ ජලය රුවැන්වැලිසෑයට ඉසීම තාක්ෂණ ක්‍රමවේද අනුව කළ බැව් පෙනේ, රෝම රටට දූතයන් යවා පබළු ගෙන්වා ඒවායින් දැල් කරවා , රුවන්වැලිසෑය සුණු පිළියම් කළ පබළු දැළක් සරසවා මහා සෑයේ පූජා කටයුතු කළ බව ඉතිහාස ගතවේ. මොහු තමන්ගේ රාජ්‍ය කාල සිමාව තුලදි, මස් මාංශ විකිණිම සහා සතුන් මැරීම, සහ මුලින්ම නතර කර, රටම ධාර්මික කරගැනිමට උත්සහා දැරු රජ කෙනෙක් බවට බෞද්ධ මිනිසුන් අතර ප්‍රකටය.",
16/10/2021 02:03:58,මහාදාඨික මහානාග,විජය රාජවංශය,අනුරාධපුර රාජධානිය,9 AD,21 AD,භාතික අභය රජුගේ සොහොයුරායි.,මහාදාඨික රජ්ජුරුවෝ දොළොස් අවුරුද්දක් රජකම් කළා. නොයෙක් ආකාර වූ පින් පිහිට කරගෙන සිටි ඒ රජ්ජුරුවෝ මහාසෑයේ ගලින් කළ පේසාවළල්ලට පහලින් කිඤ්ජක්ඛ නැමැති පියුම් කැටයම් කළ ගල් ඇතිරෙව්වා.,
16/10/2021 02:04:33,අමණ්ඩගාමිණී අභය,විජය රාජවංශය,අනුරාධපුර රාජධානිය,21 AD,30 AD,මහාදාඨික මහානාග රජුගේ පුත්‍රයායි.,,
16/10/2021 02:05:12,කණිරජානු තිස්ස,විජය රාජවංශය,අනුරාධපුර රාජධානිය,30 AD,33 AD,අමණ්ඩගාමිණී අභය රජුගේ සොහොයුරායි.,,
16/10/2021 02:05:46,චූලාභය,විජය රාජවංශය,අනුරාධපුර රාජධානිය,33 AD,35 AD,අමණ්ඩගාමිණී අභය රජුගේ පුත්‍රයායි.,,
16/10/2021 02:06:29,සීවලී රැජින,විජය රාජවංශය,අනුරාධපුර රාජධානිය,35 AD,35 AD,චූලාභය රජුගේ සොයුරියයි.,මෙතුමිය අනුරාධපුර රාජධානියේ චූලාභය රජුගේ නැගණියයි. ඇගේ පියා මහා දාඨික මහානාග රජුය මාස කිහිපයක් පමණක් සිහසුන හෙබවීය. ඉලනාග රජු ඇයව පලවා හැර සිහසුන උදුරාගත්හ.,
16/10/2021 02:07:09,ඉලනාග,විජය රාජවංශය,අනුරාධපුර රාජධානිය,44 AD,52 AD,සීවලී රැජිනගේ බෑණා ය.,,
16/10/2021 02:07:40,චන්දමුඛ,විජය රාජවංශය,අනුරාධපුර රාජධානිය,44 AD,52 AD,ඉලනාගගේ පුත්‍රයායි.,,
16/10/2021 02:08:09,යසලාලක,විජය රාජවංශය,අනුරාධපුර රාජධානිය,52 AD,60 AD,චන්දමුඛසිව රජුගේ බාල සොහොයුරායි.,,
16/10/2021 02:08:36,සුභරාජ,විජය රාජවංශය,අනුරාධපුර රාජධානිය,60 AD,66 AD,යසලාලකතිස්ස රජුගේ දොරටුපාලකයායි.,,
16/10/2021 19:19:24,වසභ,Iවන ලම්බකර්ණ රාජවංශය,අනුරාධපුර රාජධානිය,66 AD,110 AD,ලම්බකර්ණ වංශයේ සාමාජිකයෙකි,"වසභ රජ යනු ශ්‍රී ලංකාවේ අනුරාධපුර යුගයෙහි රජ කෙනෙකි. වී ගොවිතැනට උපකාර වනු වස් මහා පරිමාණයේ ජලාපවහන කර්මාන්ත ගොඩනැගීමෙහි පුරෝගාමියෙකු ලෙසින් එතුමා සැලකෙයි. එතුමාගේ පාලන සමයෙහිදී වැව් 11 ක් සහ ඇළ 12 ක් තනන ලදි. එකල පැවති ඒවා ප්‍රතිසංස්කරණය කිරීමට අමතරව, එතුමා බොහෝ නව බෞද්ධ විහාරස්ථාන ඉදිකිරීමද සිදු කලේය. එවකට අනුරාධපුර පාලකයාව සිටි සුභරාජ රජ මරා සිහසුන පැහැර ගත් වසභ රජ, ශ්‍රී ලාංකික රජවරුන්ගේ ඉතිහාසයෙහි නව රාජ වංශයක් ඇරඹීය.මෙතුමා වල්ලිපුරම් රන් සන්නස පිහිටුවිිය. ඉසිගිරි ඇමති යොදවා යාපනය පාලනය කර ඇත.",
16/10/2021 19:20:43,වංකනාසික තිස්ස,Iවන ලම්බකර්ණ රාජවංශය,අනුරාධපුර රාජධානිය,110 AD,113 AD,වසභ රජුගේ පුත්‍රයායි.,,
16/10/2021 21:43:01,ගජබාහු I,Iවන ලම්බකර්ණ රාජවංශය,අනුරාධපුර රාජධානිය,113 AD,135 AD,වංකනාසික තිස්ස රජුගේ පුත්‍රයායි.,"ගජබාහු සිහිපත් කරණ ප්‍රධාන සංසිද්ධි වනුයේ සොළී දේශ සිමාව අනුක්‍රමණය කිරිමත් ඔහුගේ පියා රජකළ කාලයේදී සිරකරැවන් ලෙස අල්ලාගත් 12,000 ක් සිංහලයින් මුදවා ගැනිමටත්ය. ඔහුගේ රාජකාරි කාලය වු සත්‍ය සිදුවිම් හා සිද්ධෂි යථර්ථය පිලිබද තරමක අවිනිශ්චිත භාවයක් පවතී.",
16/10/2021 21:49:41,මහල්ලකනාග,Iවන ලම්බකර්ණ රාජවංශය,අනුරාධපුර රාජධානිය,135 AD,141 AD,Iවන ගජබාහුගේ මාමණ්ඩියයි.,,
16/10/2021 21:50:14,භාතික තිස්ස,Iවන ලම්බකර්ණ රාජවංශය,අනුරාධපුර රාජධානිය,141 AD,165 AD,මහල්ලකනාගගේ පුත්‍රයායි.,,
16/10/2021 21:50:40,කනිට්ඨතිස්ස,Iවන ලම්බකර්ණ රාජවංශය,අනුරාධපුර රාජධානිය,165 AD,193 AD,භාතිකතිස්ස රජුගේ බාල සොහොයුරායි.,,
16/10/2021 21:51:23,චූලනාග,Iවන ලම්බකර්ණ රාජවංශය,අනුරාධපුර රාජධානිය,193 AD,195 AD,කනිට්ඨතිස්සගේ පුත්‍රයායි.,,
16/10/2021 21:52:02,කුඩානාග,Iවන ලම්බකර්ණ රාජවංශය,අනුරාධපුර රාජධානිය,195 AD,196 AD,චූල නාගගේ සොහොයුරායි.,,
16/10/2021 21:52:27,සිරිනාග I,Iවන ලම්බකර්ණ රාජවංශය,අනුරාධපුර රාජධානිය,196 AD,215 AD,කුඩා නාගගේ මස්සිනායි.,,
16/10/2021 21:52:56,වෝහාරිකතිස්ස,Iවන ලම්බකර්ණ රාජවංශය,අනුරාධපුර රාජධානිය,215 AD,237 AD,Iවන සිරිනාගගේ පුත්‍රයායි,,
16/10/2021 21:53:34,අභයනාග,Iවන ලම්බකර්ණ රාජවංශය,අනුරාධපුර රාජධානිය,237 AD,245 AD,වෝහාරකතිස්ස‍ගේ සොහොයුරායි.,,
16/10/2021 21:54:47,සිරිනාග II,Iවන ලම්බකර්ණ රාජවංශය,අනුරාධපුර රාජධානිය,245 AD,247 AD,වෝහාරකතිස්සගේ පුත්‍රයායි.,,
16/10/2021 21:55:31,විජය කුමාර,Iවන ලම්බකර්ණ රාජවංශය,අනුරාධපුර රාජධානිය,247 AD,248 AD,IIවන සිරිනාගගේ පුත්‍රයායි.,,
16/10/2021 21:56:22,සංඝතිස්ස I,Iවන ලම්බකර්ණ රාජවංශය,අනුරාධපුර රාජධානිය,248 AD,252 AD,ලම්බකර්ණ වංශිකයෙකි.,,
17/10/2021 01:02:40,සිරි සංඝබෝධි I,Iවන ලම්බකර්ණ රාජවංශය,අනුරාධපුර රාජධානිය,252 AD,254 AD,ලම්බකර්ණ වංශිකයෙකි.,,
17/10/2021 01:03:44,ගෝඨාභය,Iවන ලම්බකර්ණ රාජවංශය,අනුරාධපුර රාජධානිය,254 AD,267 AD,රාජ්‍ය අමාත්‍යවරයායි.,ගෝඨාභය රජු මිය යාමෙන් පසු මාගම රාජ්‍යත්වයට පත් වුයේ ඔහුගේ පුත් කාකවණ්ණතිස්ස හෙවත් කාවන්තිස්ස කුමරුය.,
17/10/2021 01:04:12,ජෙට්ඨතිස්ස I,Iවන ලම්බකර්ණ රාජවංශය,අනුරාධපුර රාජධානිය,267 AD,277 AD,ගෝඨාභයගේ වැඩිමහල් පුත්‍රයායි.,,
17/10/2021 01:05:16,මහාසේන,Iවන ලම්බකර්ණ රාජවංශය,අනුරාධපුර රාජධානිය,277 AD,304 AD,ගෝඨාභයගේ බාල පුත්‍රයායි.,මහාසේන රජ නොහොත් මහසෙන් රජු (ක්‍රි ව 276-303 ) මින්නේරි දෙවියන් ලෙසද හදුන්වා ඇත. මෙතුමා ලංකාවේ වැවු 16 කරවූ බව සදහන්ය. මින්නේරි වැව මින් එකකි. මෙම වැව පිරුණු විට අක්කර 4560 පමණවේ. මෙම වැවට අවශ්‍ය ජලය ලබාගැනීම පිණිස මාතලේ දිස්ත්‍රික්කයේ වූ අඹන් ගඟ සිට ඇලක් කරවිය.,
17/10/2021 01:05:45,සිරිමේඝවණ්ණ,Iවන ලම්බකර්ණ රාජවංශය,අනුරාධපුර රාජධානිය,304 AD,332 AD,මහාසේනගේ පුත්‍රයායි.,,
17/10/2021 01:06:21,ජෙට්ඨ තිස්ස II,Iවන ලම්බකර්ණ රාජවංශය,අනුරාධපුර රාජධානිය,332 AD,341 AD,සිරිමේඝවණ්ණගේ සොහොයුරායි,,
17/10/2021 01:06:54,බුද්ධදාස,Iවන ලම්බකර්ණ රාජවංශය,අනුරාධපුර රාජධානිය,341 AD,370 AD,IIවන ජෙට්ඨතිස්සගේ පුත්‍රයායි.,බුද්ධදාස රජු ප්‍රකටවන්නේ දක්ෂ වෙදදුරකු ලෙසය ඉතා ධාර්මික රජකුවිය මෙතුමා වෙදපොත් රැසක් රචනාකළ බව සදහන්වේ එසේම මිනිසුන්ට පමනක් නොව සතුනට පවා වෙදකම් කළේය දිවයින පුරා රෝහල් ආදිය ඇතිකළහ මෙතුමා දිනක් පෙනයේ ගෙඩියක් සෑදී වෙදනාවෙන් සිටි නාගරාජයෙකුට වෙදකම් කර සුවපත් කළ බවත් නාගයා රජුට කෘතගුණ සැළකීමක් ලෙස තම නාගමාණිඛය වමාරා දුන්බව ජනප්‍රවාදයේ සදහන් වෙයි,
17/10/2021 01:07:22,උපතිස්ස I,Iවන ලම්බකර්ණ රාජවංශය,අනුරාධපුර රාජධානිය,370 AD,412 AD,බුද්ධදාස රජුගේ වැඩිමහල් පුත්‍රයායි,,
17/10/2021 01:07:48,මහානාම,Iවන ලම්බකර්ණ රාජවංශය,අනුරාධපුර රාජධානිය,412 AD,434 AD,Iවන උපතිස්සගේ සොහොයුරායි,,
17/10/2021 01:08:24,සොත්ථිසේන,Iවන ලම්බකර්ණ රාජවංශය,අනුරාධපුර රාජධානිය,434 AD,434 AD,මහානාම රජුගේ දෙමළ බිසවකගේ පුත්‍රයායි.,,
17/10/2021 01:09:01,ඡත්තගාහක ජන්තු,Iවන ලම්බකර්ණ රාජවංශය,අනුරාධපුර රාජධානිය,434 AD,435 AD,මහානාම රජුගේ සිංහල රැජිනගේ දියණිය වූ සංඝාගේ සැමියායි.,,
17/10/2021 01:09:35,මිත්තසේන,Iවන ලම්බකර්ණ රාජවංශය,අනුරාධපුර රාජධානිය,435 AD,436 AD,සිහසුන පැහැරගත්තෙකි.,"මිත්තසේන රජ, පස්වන සියවසෙහිදී අනුරාධපුරයේ රජ ලෙසින් සිටිමින් 435 සිට 436 දක්වා රාජ්‍යය පාලනය කලේය.",
17/10/2021 01:10:48,පණ්ඩු,ෂඩ් ද්‍රවිඩයින්,අනුරාධපුර රාජධානිය,436 AD,441 AD,පාණ්ඩ්‍ය ආක්‍රමණිකයෙකි.,,
17/10/2021 01:11:13,පාරින්ද,ෂඩ් ද්‍රවිඩයින්,අනුරාධපුර රාජධානිය,441 AD,441 AD,පණ්ඩුගේ පුත්‍රයායි.,,
17/10/2021 01:11:39,ඛුද්ද පාරින්ද,ෂඩ් ද්‍රවිඩයින්,අනුරාධපුර රාජධානිය,441 AD,447 AD,පණ්ඩුගේ බාල සොහොයුරායි.,,
17/10/2021 01:12:08,,තිරිතර,ෂඩ් ද්‍රවිඩයින්,අනුරාධපුර රාජධානිය,447 AD,447 AD,සිව්වන දෙමළ පාලකයායි.,
17/10/2021 01:12:32,දාඨිය,ෂඩ් ද්‍රවිඩයින්,අනුරාධපුර රාජධානිය,447 AD,450 AD,පස්වන දෙමළ පාලකයායි,,
17/10/2021 01:13:05,පීඨිය,ෂඩ් ද්‍රවිඩයින්,අනුරාධපුර රාජධානිය,450 AD,452 AD,සයවන දෙමළ පාලකයායි.,,
17/10/2021 21:11:40,ධාතුසේන,මෝරිය රාජවංශය,අනුරාධපුර රාජධානිය,479 AD,497 AD,මාහානාමගේ දියණිය වූ සංඝාගේ පුත්‍රයායි.,"ධාතුසේන රජු ක්‍රි.ව.455 සිට 473 දක්වා අනුරාධපුරය අග නගරය කර රාජ්‍ය කර වු ශ්‍රේෂ්ඨ සිංහල රජ කෙනෙකි. එතුමා ශ්‍රී ලංකාවේ මෞර්ය රාජ වංශයේ පළමු රජුයි. සමහර වාර්ථා වල එතුමා දසන්කෙළි ලෙසත් හදුන්වා දි ඇත. ධාතුසේන රජු එතුමාගෙ රාජ්‍ය පාලන කාලය තුල එකල ශ්‍රී ලංකාවේ කොටසක් පාලන කාලය දකුණු ඉන්දිය ආක්‍රමණිකයන් පරාජ කර වසර 26 කට පසු මුළු ශ්‍රී ලංකාවම නැවත එක්සත් කරවිමට සමත් විය. එතුමාගේ රාජ්‍ය පාලන කාලය තුල විශාල වාරි කර්මාන්ත 18 කරවන ලදි. යෝධ ඇළ, කලා වැව, බලලු වැව එතුමා කරවු වාරි කර්මාන්ත වලින් ප්‍රධාන කිහිපයකි. අවුකන බුද්ධ ප්‍රතිමාවද එතුමාගේ රාජ්‍ය පාලන කාලය තුල කරවු විශාල බුද්ධ ප්‍රතිමාවකි.",
17/10/2021 21:12:33,කාශ්‍යප I,මෝරිය රාජවංශය,අනුරාධපුර රාජධානිය,479 AD,497 AD,පල්ලව බිසවකට දාව උපන් ධාතුසේන රජුගේ පුත්‍රයෙකි.,ධාතුසේන රජුගේ දෙටු පුත් වූ කාෂ්‍යප කුමරු පල්ලව රාජ වංශික බිසවකගෙන් ලත් පුත්‍රයෙකු හෙයින් ඇය භින්න මාතෘක විය.මුගලන් කුමරු කාශප රජ දියණිය වෙතින් ධාතුසේන රජුට දාව උපන්නෙක් වූයෙන් ඔහු සමාන මාතෘක විය. හෙළ කුලසිරිතට අනුව සිංහාසනය උරුම වූයේ උභයකුල පාරිශුද්ධත්ව‍ය හිමි වූ මුගලන් කුමරුටය.දකුණු ඉන්දියාවෙන්වූ ආක්‍රමණයකදී භාරතීය සේනාව සමඟ යුධ වැදුණේ කාශ්‍යප කුමරුය. සිය ජයග්‍රහණයෙන් පසු පිය රජු‍ගෙන් ඔහු යුවරජු තනතුර බලාපොරොත්තු වුවත් එය ඉටු නොවීය.ඉන් කලකිරීමට පත් කාශ්‍යප කුමරු චූල වංශයට අනුව ක්‍රි‍‍:ව:111 දී විහාර සෙන්පතියා සමඟ කුමන්ත්‍රණය කර ධාතුසේන රජු සිහසුනෙන් නෙරපා හැර රාජ්‍ය පවරා දෙනු ලදි,
17/10/2021 21:13:06,,මොග්ගල්ලාන I,මෝරිය රාජවංශය,අනුරාධපුර රාජධානිය,497 AD,515 AD,ධාතුසේනගේ පුත්‍රයායි.,
17/10/2021 21:13:37,කුමාර ධාතුසේන,මෝරිය රාජවංශය,අනුරාධපුර රාජධානිය,515 AD,524 AD,මොග්ගල්ලානගේ පුත්‍රයායි.,,
17/10/2021 21:14:23,කිත්තිසේන,මෝරිය රාජවංශය,අනුරාධපුර රාජධානිය,524 AD,524 AD,කුමාර ධාතුසේනගේ පුත්‍රයායි.,,
17/10/2021 21:14:52,සිව II,මෝරිය රාජවංශය,අනුරාධපුර රාජධානිය,524 AD,525 AD,කීර්ති සේනගේ මාමණ්ඩියයි.,,
17/10/2021 21:17:59,උපතිස්ස II,මෝරිය රාජවංශය,අනුරාධපුර රාජධානිය,525 AD,526 AD,කුමාර ධාතුසේනගේ බෑණායි.,,
17/10/2021 21:18:38,අග්ගබෝධි I,මෝරිය රාජවංශය,අනුරාධපුර රාජධානිය,564 AD,598 AD,මහානා‍ගගේ සොහොයුරෙකි‍,,
17/10/2021 21:19:05,අග්ගබෝධි II,මෝරිය රාජවංශය,අනුරාධපුර රාජධානිය,598 AD,608 AD,Iවන අග්ගබෝධිගේ බෑණා සහ ඥාති පුත්‍රයායි.,,
17/10/2021 21:20:00,සංඝතිස්ස II,මෝරිය රාජවංශය,අනුරාධපුර රාජධානිය,608,AD,608,AD,IIවන අග්ගබෝධිගේ සොහොයුරා සහ අසිපත්ධාරියා විය
17/10/2021 21:21:15,මොග්ගල්ලාන III,මෝරිය රාජවංශය,අනුරාධපුර රාජධානිය,608 AD,614 AD,IIවන අග්ග‍බෝධි රජ සමයේ ප්‍රධාන සෙන්පතියා විය.,,
17/10/2021 21:21:53,සිලාමේඝවණ්ණ,මෝරිය රාජවංශය,අනුරාධපුර රාජධානිය,614 AD,623 AD,මොග්ගල්ලාන රජුගේ අසිපත්ධාරියායි.,,
17/10/2021 21:22:24,අග්ගබෝධි III,මෝරිය රාජවංශය,අනුරාධපුර රාජධානිය,623 AD,623 AD,සිලාමේඝවණ්ණගේ පුත්‍රයායි.,,
17/10/2021 21:23:00,ජෙට්ඨතිස්ස III,මෝරිය රාජවංශය,අනුරාධපුර රාජධානිය,623 AD,624 AD,සංඝතිස්ස රජුගේ පුත්‍රයායි.,,
17/10/2021 21:23:49,අග්ගබෝධි III,මෝරිය රාජවංශය,අනුරාධපුර රාජධානිය,624 AD,640 AD,සිලාමේඝවණ්ණගේ පුත්‍රයායි.,,
17/10/2021 21:38:04,දාඨෝපතිස්ස I,මෝරිය රාජවංශය,අනුරාධපුර රාජධානිය,640 AD,652 AD,ජෙට්ඨතිස්ස (දාඨාසිව) රජුගේ සෙන්පතියෙකි.,,
17/10/2021 22:13:33,කස්සප II,මෝරිය රාජවංශය,අනුරාධපුර රාජධානිය,652 AD,661 AD,IIවන අග්බෝගේ සොහොයුරායි.,,
17/10/2021 22:14:01,Iවන දප්පුල,මෝරිය රාජවංශය,අනුරාධපුර රාජධානිය,661 AD,6645 AD,සිලාමේඝවණ්ණගේ බෑණායි.,,
17/10/2021 22:14:35,IIවන දාඨෝපතිස්ස,මෝරිය රාජවංශය,අනුරාධපුර රාජධානිය,664 AD,673 AD,Iවන දාඨෝපතිස්ස (හත්ථදාඨ) රජුගේ ඥාති පුත්‍රයායි.,,
17/10/2021 22:15:04,IVවන අග්ගබෝධි,මෝරිය රාජවංශය,අනුරාධපුර රාජධානිය,673 AD,689 AD,දාඨෝපතිස්සගේ බාල සොහොයුරායි.,,
17/10/2021 22:15:32,උන්හනගර හත්ථදාඨ,මෝරිය රාජවංශය,අනුරාධපුර රාජධානිය,691 AD,691 AD,රාජකීය පෙළපතේ ප්‍රධානියකු වූ මොහුව සිහසුනට පත්කරන ලද්දේ ධනවත් දෙමළ නිලධාරියකු විසිනි.,,
18/10/2021 10:06:56,මානවම්ම,IIවන ලම්බකර්ණ රාජවංශය,අනුරාධපුර රාජධානිය,691 AD,726 AD,Iවන කස්සපගේ පුත්‍රයායි.,මනවම්ම කුමරු දෙවන දාඨෝපතිසුස රජුගේ කාලයේ ඉන්දියාවට පලා ගොස් එහිදී සටන් ශිල්ප හදාරා පසුව ඉන්දියාවේ පල්ලව රජුගේ හමුදාවට බැදී රජුගේ සිත දිනාගෙන පල්ලව රජුගේ උදවු ඇතිව සේනාවක් සමග ලංකාවට පැමින හත්ථදාට රජුමරා සිහසුන ලබාගත්හ ඉතා ධාර්මික රජෙක්විය,
18/10/2021 10:07:42,Vවන අග්ගබෝධි,IIවන ලම්බකර්ණ රාජවංශය,අනුරාධපුර රාජධානිය,726 AD,732 AD,මානවම්මගේ පුත්‍රයෙකි.,,
18/10/2021 10:08:21,IIIවන කස්සප,IIවන ලම්බකර්ණ රාජවංශය,අනුරාධපුර රාජධානිය,732 AD,738 AD,Vවන අග්ගබෝධිගේ සොහොයුරායි.,,
18/10/2021 10:08:45,Iවන මහින්ද,IIවන ලම්බකර්ණ රාජවංශය,අනුරාධපුර රාජධානිය,738 AD,741 AD,IIIවන කස්සපගේ ‍බාල සොහොයුරායි.,,
18/10/2021 10:09:10,VIවන අග්ගබෝධි,IIවන ලම්බකර්ණ රාජවංශය,අනුරාධපුර රාජධානිය,741 AD,781 AD,IIIවන කස්සපගේ පුත්‍රයායි.,,
18/10/2021 10:09:40,VIIවන අග්ගබෝධි,IIවන ලම්බකර්ණ රාජවංශය,අනුරාධපුර රාජධානිය,781 AD,787 AD,මහින්දගේ පුත්‍රයෙකි.,,
18/10/2021 10:10:09,IIවන මහින්ද,IIවන ලම්බකර්ණ රාජවංශය,අනුරාධපුර රාජධානිය,787 AD,807 AD,VIවන අග්ගබෝධිගේ පුත්‍රයායි.,,
18/10/2021 10:10:55,IIවන දප්පුල,IIවන ලම්බකර්ණ රාජවංශය,අනුරාධපුර රාජධානිය,807 AD,812 AD,IIවන මහින්දගේ පුත්‍රයායි.,,
18/10/2021 10:11:25,IIIවන මහින්ද,IIවන ලම්බකර්ණ රාජවංශය,අනුරාධපුර රාජධානිය,812 AD,816 AD,IIවන දප්පුලගේ පුත්‍රයායි.,,
18/10/2021 10:11:50,VIIIවන අග්ගබෝධි,IIවන ලම්බකර්ණ රාජවංශය,අනුරාධපුර රාජධානිය,816 AD,827 AD,IIIවන මහින්දගේ සොහොයුරායි.,,
18/10/2021 10:12:20,IIIවන දප්පුල,IIවන ලම්බකර්ණ රාජවංශය,අනුරාධපුර රාජධානිය,827 AD,843 AD,VIIIවන අග්ගබෝධිගේ බාල සොහොයුරායි.,,
18/10/2021 10:12:54,IXවන අග්ගබෝධි,IIවන ලම්බකර්ණ රාජවංශය,අනුරාධපුර රාජධානිය,843 AD,846 AD,IIIවන දප්පුලගේ පුත්‍රයායි.,,
18/10/2021 10:13:21,Iවන සේන,IIවන ලම්බකර්ණ රාජවංශය,අනුරාධපුර රාජධානිය,846 AD,866 AD,IXවන අග්ගබෝධිගේ බාල සොහොයුරායි.,,
18/10/2021 10:13:49,IIවන සේන,IIවන ලම්බකර්ණ රාජවංශය,අනුරාධපුර රාජධානිය,866 AD,901 AD,Iවන සේනගේ බෑණායි,,
18/10/2021 10:14:21,Iවන උදය,IIවන ලම්බකර්ණ රාජවංශය,අනුරාධපුර රාජධානිය,901 AD,912 AD,IIවන සේනගේ උපරජෙකි.,,
18/10/2021 10:14:55,IVවන කස්සප,IIවන ලම්බකර්ණ රාජවංශය,අනුරාධපුර රාජධානිය,912 AD,929 AD,IIවන සේනගේ පුත්‍රයායි.,,
18/10/2021 10:15:44,Vවන කස්සප,IIවන ලම්බකර්ණ රාජවංශය,අනුරාධපුර රාජධානිය,929 AD,939 AD,IVවන කස්සපගේ පුත්‍රයායි.,,
18/10/2021 10:16:18,IVවන දප්පුල,IIවන ලම්බකර්ණ රාජවංශය,අනුරාධපුර රාජධානිය,939 AD,940 AD,Vවන කාස්සපගේ පුත්‍රයායි.,,
18/10/2021 10:16:49,Vවන දප්පුල,IIවන ලම්බකර්ණ රාජවංශය,අනුරාධපුර රාජධානිය,940 AD,952 AD,IVවන දප්පුලගේ සොහොයුරායි.,,
18/10/2021 10:17:17,IIවන උදය,IIවන ලම්බකර්ණ රාජවංශය,අනුරාධපුර රාජධානිය,952 AD,955 AD,IIවන සේනගේ බෑණායි.,,
18/10/2021 10:17:51,IIIවන සේන,IIවන ලම්බකර්ණ රාජවංශය,අනුරාධපුර රාජධානිය,955 AD,964 AD,IIවන උදයගේ සොහොයුරායි.,,
18/10/2021 10:18:20,IIIවන උදය,IIවන ලම්බකර්ණ රාජවංශය,අනුරාධපුර රාජධානිය,964 AD,972 AD,IIIවන සේනගේ උපරජෙකි,,
18/10/2021 10:18:48,IVවන සේන,IIවන ලම්බකර්ණ රාජවංශය,අනුරාධපුර රාජධානිය,972 AD,975 AD,Vවන කස්සපගේ පුත්‍රයායි.,,
18/10/2021 10:19:24,IVවන මහින්ද,IIවන ලම්බකර්ණ රාජවංශය,අනුරාධපුර රාජධානිය,975 AD,991 AD,IVවන සේනගේ සොහොයුරායි.,,
18/10/2021 10:19:53,Vවන සේන,IIවන ලම්බකර්ණ රාජවංශය,අනුරාධපුර රාජධානිය,991 AD,1001 AD,IVවන මහින්දගේ පුත්‍රයායි.,,
18/10/2021 10:20:21,Vවන මහින්ද,IIවන ලම්බකර්ණ රාජවංශය,අනුරාධපුර රාජධානිය,1001 AD,1017 AD,Vවන සේනගේ බාල සොහොයුරායි.,පස්වන මිහිදු රජු අනුරාධපුර රාජධානියේ අවසන් රජුය මෙතුමා පස්වන සේන රජුගේ සොහොයුරාය දුර්වල පාලකයෙකුවිය අදික බදු පැනවීම නිසා ජනයා තුල රජුකෙරේ සහයෝගය අඩුවිය ජනයා බදු ගෙවීම පැහැර හැරීමනිසා රජුගේ භාණ්ඩාගාර හිස්වූ බව සදහන් වෙයි යුධ ශක්තියෙන් හා ආර්ථික අතින් රජු ඉතාමත් දුර්වල වීමනිසා එවක දකුණු ඉන්දියාවේ අධිරාජ්යයක් බිහිකරමින් සිටි චෝලයන් ගේ අවධානය ලංකාව කෙරේ යොමුවිය රාජරාජ නම් චෝල අධිරාජයා ලංකාව ආක්‍රමණය කොට පස්වන මිහිදු රජු මරා සිහසුන පැහැර ගත්තේය.,
18/10/2021 10:22:50,Iවන රාජේන්ද්‍ර චෝළ,චෝළ රාජවංශය,අනුරාධපුර රාජධානිය,1017 AD,1044 AD,Iවන රාජ රාජ චෝළ රජුගේ පුත්‍රයායි.,යටත් කරගත් ප්‍රදේශ චෝළ අධිරාජ්‍යයේ පළාතක් බවට පත්කරන ලදී.,
18/10/2021 10:23:25,රාජාධිරාජ චෝළ,චෝළ රාජවංශය,අනුරාධපුර රාජධානිය,1018 AD,1054 AD,රාජේන්ද්‍රගේ පුත්‍රයෙකි.,,
18/10/2021 10:23:52,IIවන රාජේන්ද්‍ර චෝළ,චෝළ රාජවංශය,අනුරාධපුර රාජධානිය,1051 AD,1063 AD,රාජේන්ද්‍රගේ පුත්‍රයෙකි.,,
18/10/2021 10:24:28,වීරරාජේන්ද්‍ර චෝළ,චෝළ රාජවංශය,අනුරාධපුර රාජධානිය,1063 AD,1070 AD,රාජේන්ද්‍රගේ පුත්‍රයෙකි.,,
18/10/2021 10:24:58,අතිරාජේන්ද්‍ර චෝළ,චෝළ රාජවංශය,අනුරාධපුර රාජධානිය,1067 AD,1070 AD,වීරරාජේන්ද්‍ර චෝළගේ පුත්‍රයෙකි.,,
18/10/2021 10:27:41,Iවන විජයබාහු,විජයබාහු රාජවංශය,පොළොන්නරු රාජධානිය,1056 AD,1111 AD,සිංහල රාජකීය පවුලේ සාමාජිකයෙකි,"1055 දි රුහුණ හෙවත් දක්කිණදේශයේ පාලනය බාර ගත් එතුමා පසුව වසර 17 ක දිගු සටන් මෙහෙයුමකින් පසු 1070 දි චෝල ආක්‍රමණිකයන් සම්පුර්ණයෙන්ම ශ්‍රී ලංකාවේන් එලවා දැමිමට සමත් විය. සියවසකට පසු ශ්‍රී ලංකාව නැවත එක්සත් කිරිමට එමගින් එතුමාට හැකිවිය. එතුමාගේ පාලන කාලය තුල බුද්ධ ධර්මය නැවත පිහිටුවිමටත් යුද්ධය නිසා විනාශ වු යටිතල පහසුකම්, වෙහෙර විහාර, ගොඩනැගිලි ආදිය අළුත් වැඩියා කිරිමටත් කටයුතු කරන ලදි.",
18/10/2021 10:28:22,Iවන වික්‍රමබාහු,විජයබාහු රාජවංශය,පොළොන්නරු රාජධානිය,1111 AD,1132 AD,Iවන විජයබාහුගේ පුත්‍රයායි.,,
18/10/2021 10:28:49,IIවන ගජබාහු,විජයබාහු රාජවංශය,පොළොන්නරු රාජධානිය,1131 AD,1153 AD,Iවන වික්‍රමබාහුගේ පුත්‍රයායි.,,
18/10/2021 10:30:40,Iවන පරාක්‍රමබාහු,විජයබාහු රාජවංශය,පොළොන්නරු රාජධානිය,1153 AD,1186 AD,Iවන විජයබාහුගේ මුණුපුරායි.,"පරාක්‍රමබාහුගේ රාජ්‍ය කාලයෙහිදී, එතුමා විසින්, මියන්මාරයෙහි රජවරුන්ට දණ්ඩන පමුණුවන රිසියෙන් යුද්‍ධ ක්‍රියාන්විතයක් දියත් කල අතර, දකුණු ඉන්දියාවෙහි චෝල අධිරාජ්‍යය ට එරෙහිව පාණ්ඩ්‍යයන් හට උපකාර කරන අතරතුර චීනය හා මැද පෙරදිග රටවල් සමග පුළුල් වෙළෙඳ සබඳතා පවත්වාගෙන ගියේය.[4] දිවයින තුල, ඔහු විසින් ආගමික සිද්ධස්ථාන ස්ථාපිත කිරීම, රෝහල්, සමාජ සුභසාධන ඒකකයන්, ඇළ සහ පරාක්‍රම සමුද්‍රය වැනි විසල් ජලාශ ගොඩනැගීම, ආදිය සිදු කෙරිණි.",
18/10/2021 10:31:09,IIවන විජයබාහු,විජයබාහු රාජවංශය,පොළොන්නරු රාජධානිය,1186 AD,1187 AD,Iවන පරාක්‍රමබාහුගේ බෑණායි.,,
18/10/2021 10:31:37,VIවන මහින්ද,විජයබාහු රාජවංශය,පොළොන්නරු රාජධානිය,1187 AD,1187 AD,කාලිංග වංශිකයෙකි.,,
18/10/2021 10:33:09,නිශ්ශංකමල්ල,කාලිංග රාජවංශය,පොළොන්නරු රාජධානිය,1187 AD,1196 AD,Iවන පරාක්‍රමබාහු රජුගේ බෑණා හෝ ඥාති පුත්‍රයෙකි.,"කිර්ති නිශ්ශංක සහ කාලිංග ලෝකේශ්වර යන නාම වලින්ද හැඳින්වුන නිශ්ශංක මල්ල රජතුමා 1187 සිට 1196 දක්වා ශ්‍රී ලංකාව පාලනය කළේය. රජු විසින් නිශ්ශංක ලතා මණ්ඩපය, හැටදාගේ සහ රන්කොත් වෙහෙර ඉදිකරන ලද අතර පැරණි විහාර සහ වැවු රැසක් ප්‍රතිසංස්කරණය කරන ලදී.",
18/10/2021 10:34:09,Iවන වීරබාහු,කාලිංග රාජවංශය,පොළොන්නරු රාජධානිය,1196 AD,1196 AD,නිශ්ශංකමල්ලගේ පුත්‍රයායි.,,
18/10/2021 10:34:39,IIවන වික්‍රමබාහු,කාලිංග රාජවංශය,පොළොන්නරු රාජධානිය,1196 AD,1196 AD,නිශ්ශංකමල්ලගේ බාල සොහොයුරායි.,,
18/10/2021 10:35:02,චෝඩගංග,කාලිංග රාජවංශය,පොළොන්නරු රාජධානිය,1196 AD,1197 AD,නිශ්ශංකමල්ලගේ බෑණායි.,,
18/10/2021 10:36:14,ලීලාවතී රැජින,විජයබාහු රාජවංශය,පොළොන්නරු රාජධානිය,1197 AD,1200 AD,Iවන පරාක්‍රමබාහු රජුගේ වැන්දඹුවයි.,පළමු වන පරාක්‍රමබාහු රජතුමා ශ්‍රී ලංකා ඉතිහාසයේ ස්වාධිපත්‍යය පැතිර වු දෙවැනි රජතුමා ලෙස ඉතිහාසයේ සඳහන් වේ. එතුමන්ගෙන් පසුව එතුමන්ගේ බිරිඳ වූ ලීලාවතී රැජන කිහිප වරක් සිංහාසනය දැරූ ලංකාවේ එකම රැජිනයි. පළමු වතාවට ක්‍රී. ව. 1197 සිට 1200 දක්වා වසර තුනක් පොළොන්නරුවේ පාලනය කළ ඔහු දෙවන වරටත් 1209 සිට 1210 දක්වා දෙවසරක් සිංහාසනයේ සිටියේය. තුන්වන වරටත් නැවත සිහසුනට පත් වූ ඇයට පාලනය කිරීමට හැකි වූයේ මාස හතක් පමණි.,
18/10/2021 10:36:59,සහස්සමල්ල,කාලිංග රාජවංශය,පොළොන්නරු රාජධානිය,1202 AD,1208 AD,නිශ්ශංකමල්ල රජුගේ බාල සොහොයුරායි.,,
18/10/2021 10:37:35,කල්‍යාණවතී රැජින,කාලිංග රාජවංශය,පොළොන්නරු රාජධානිය,1202 AD,1208 AD,නිශ්ශංකමල්ල රජුගේ අගමෙහෙසියයි,"කල්‍යාණවතී රැජින යනුවෙන් හැඳින්වෙන්නේ 13වන සියවසේ පොළොන්නරු රාජධානියේ විසූ රැජිනකි. ඇය විසින් 1202 සිට 1208 දක්වා රාජ්‍ය පාලනය මෙහෙයවන ලදී. ශ්‍රී ලංකාවේ සිටි රාජ්‍ය පාලනය කළ රැජිනියන් කිහිප දෙනාගෙන් අයෙකි, ඇය. ඇය සහස්සමල්ලගෙන් පසුව පොළොන්නරුවේ රැජින ලෙස රාජ්‍යත්වයට පත්වූවා ය. ඇගෙන් පසු ධර්මාශෝක සිහසුනට පත් විය. ඇය නිශ්ශංකමල්ල රජුගේ අගබිසව වූවා ය.",
18/10/2021 10:38:55,ධර්මාශෝක,කාලිංග රාජවංශය,පොළොන්නරු රාජධානිය,1208 AD,1209 AD,අයස්මන්ත විසින් කල්‍යාණවතී රැජින ධුරයෙන් පහකොට මොහුව සිහසුනට පත්කරන ලදී,1208 - 1209 සිංහලේ රජ. මාස 3 වයසේදී රජ විය.,
18/10/2021 10:39:29,අනිකංග,කාලිංග රාජවංශය,පොළොන්නරු රාජධානිය,1209 AD,1209 AD,ධර්මාශෝකගේ පියායි.,,
18/10/2021 10:40:04,ලීලාවතී,විජයබාහු රාජවංශය,පොළොන්නරු රාජධානිය,1209 AD,1210 AD,Iවන පරාක්‍රමබාහු රජුගේ වැන්දඹුවයි.,පළමු වන පරාක්‍රමබාහු රජතුමා ශ්‍රී ලංකා ඉතිහාසයේ ස්වාධිපත්‍යය පැතිර වු දෙවැනි රජතුමා ලෙස ඉතිහාසයේ සඳහන් වේ. එතුමන්ගෙන් පසුව එතුමන්ගේ බිරිඳ වූ ලීලාවතී රැජන කිහිප වරක් සිංහාසනය දැරූ ලංකාවේ එකම රැජිනයි. පළමු වතාවට ක්‍රී. ව. 1197 සිට 1200 දක්වා වසර තුනක් පොළොන්නරුවේ පාලනය කළ ඔහු දෙවන වරටත් 1209 සිට 1210 දක්වා දෙවසරක් සිංහාසනයේ සිටියේය. තුන්වන වරටත් නැවත සිහසුනට පත් වූ ඇයට පාලනය කිරීමට හැකි වූයේ මාස හතක් පමණි.,
18/10/2021 10:41:33,IIවන පරාක්‍රම පාණ්ඩ්‍ය,පාණ්ඩ්‍ය රාජවංශය,පොළොන්නරු රාජධානිය,1212 AD,1215 AD,පාණ්ඩ්‍ය රජෙකි.,,
18/10/2021 10:43:01,කාලිංග මාඝ,නැගෙනහිර ගංග රාජවංශය,පොළොන්නරු රාජධානිය,1215 AD,1236 AD,කාලිංගයේ කුමරෙකි.,,
18/10/2021 10:52:27,IIIවන විජයබාහු,සිරි සඟ බෝ රාජවංශය,දඹදෙණිය රාජධානිය,1220 AD,1224 AD,සිංහල රාජකීය රුධිර පෙළපතේ දේශප්‍රේමී කුමරෙකි.,ප්‍රාදේශීය නායකයෙක් ලෙස නැඟී ආ තුන්වන විජයබාහු ක්‍රිස්තු වර්ෂ 1232 දී දඹදෙනිය අග නගරය බවට පත් කරගෙන රාජ්‍යත්වයට පත්වු බෝධි වංශික කුමරෙක් විය. මායා රට එක්සත් කොට එහි දේශපාලන ස්ථාවරත්වයක් ඇති කිරීමට තුන්වන විජයබාහු රජුට හැකි විය. සමකාලීන මූලාශ්‍රවල තුන්වන විජයබාහු රජතුමාව හඳුන්වා ඇත්තේ වන්නි රජු හෙවත් වන්නි නිරිඳු යනුවෙනි.,
18/10/2021 10:53:17,IIවන පරාක්‍රමබාහු,සිරි සඟ බෝ රාජවංශය,දඹදෙණිය රාජධානිය,1234 AD,1269 AD,IIIවන විජයබාහුගේ වැඩිමහල් පුත්‍රයායි.,"දෙවන පරාක්‍රමබාහු යනු කලින් සිටි තුන්වන විජයබහු රජුගේ ලොකු පුතා ය.මායා රටේ රජු ලෙස මේ රජුගේ රාජ්‍ය කාලය ක්‍රිස්තු වර්ෂ 1234 සිට 1269 වන තෙක් ය. දෙවන පරාක්‍රමබාහු රජතුමා බෙලිගල තිබූ දාන්ත ධාතූන් වහන්සේදඹදෙනිය ට වැඩම කර අති උත්කර්ෂවත් දළදා පූජාවක් පවත්වාමාඝ ගෙන් රට මුදවා ගන්නා බවට මහජනතාව ඉදිරියේ ප්‍රතිඥාවක් ද දුන්නේය. භාසා ශාස්ත්‍ර, ආගම් ධර්මය ආදී විසයයන් පිළිබඳ මනා නිපුනතාවයක් තිබූ නිසා මහා පඬි රුවනක් වූ දෙවන පරාක්‍රමබාහු රජ ""කලිකාල සාහිත්‍ය සර්වඥ පණ්ඩිත"" යන උපාධි නාමයෙන් ද පිදුම් ලැබීය.",
18/10/2021 10:54:17,IVවන විජයබාහු,සිරි සඟ බෝ රාජවංශය,දඹදෙණිය රාජධානිය,1267 AD,1270 AD,IIවන පණ්ඩිත පරාක්‍රමබාහුගේ වැඩිමහල්ම පුත්‍රයායි,ක්‍රිස්තු වර්ෂ 1270 දි දෙවන පරාක්‍රමබාහු රජතුමාගෙ මරණයෙන් පසු දඹදෙනිය අග නගරය කරගෙන රාජ්‍යත්වයට පත් වුනේ ඔහුගේ වැඩිමහළු පුත් විජයබාහු කුමාරයා ය. හතරවන විජයබාහු නමින් ප්‍රකට වූ මෙතුමා බෝසත් විජයබාහු නමින් ද හැඳින්වින.,
18/10/2021 10:56:08,Iවන බුවනෙකබාහු,සිරි සඟ බෝ රාජවංශය,දඹදෙණිය රාජධානිය,1271 AD,1283 AD,IVවන විජයබාහුගේ සොහොයුරායි.,බෝසත් විජයබාහු හෙවත් හතරවන විජයබාහු රජතුමාගෙන් පසු ක්‍රිස්තු වර්ෂ 1272 දී රාජ්‍යත්වයට පත් වූයේ පළමුවන බුවනෙකබාහු රජු ය. එතුමා ටික කලෙකින් යාපහුව බලකොටුවට ගොස් එහි සිට රාජ්‍ය කටයුතු මෙහෙයවීය.,
18/10/2021 10:56:50,IIIවන පරාක්‍රමබාහු,සිරි සඟ බෝ රාජවංශය,දඹදෙණිය රාජධානිය,1302 AD,1310 AD,Iවන බුවනෙකබාහුගේ බෑණායි.,තුන්වන පරාක්‍රමබාහු ක්‍රිස්තු වර්ෂ 1287 දී පාණ්ඩ්‍ය දේශයට ගොස් දන්ත ධාතුව හා පාත්‍රා ධාතුව ලබා ගෙන පොළොන්නරුව අග නගරය කරගෙන රාජ්‍යත්වයට පත් විය. පොළොන්නරුවේ සිට රජ කළත් මෙම රජ සමය ත් යාපහුව යුගයට අයත් සේ සැලකේ. මෙතුමා ක්‍රිස්තු වර්ෂ 1292 වනතෙක් වසර 6ක් රජ කළේය. මෙයින් පසු තුන්වන පරාක්‍රමබාහු රජු පරාජය කර ක්‍රිස්තු වර්ෂ 1292 දී රාජ්‍යත්වයට පත් වූයේ දෙවන බුවනෙකබාහු රජතුමා ය.,
18/10/2021 10:57:51,IIවන බුවනෙකබාහු,සිරි සඟ බෝ රාජවංශය,දඹදෙණිය රාජධානිය,1310 AD,1325 AD,Iවන ුබවනෙකබාහුගේ පුත්‍රයායි.,තුන්වන පරාක්‍රමබාහු රජ පරාජය කළ දෙවන බුවනෙකබාහු කුමාරයා ක්‍රිස්තු වර්ෂ 1292 දී යාපහුව අගනුවර කරගෙන රජ විය. මේ රජතුමාව ශ්‍රී නිවාස බුවනෙකබාහු නමින්ද හැඳින්වේ. වසර 7ක් යාපහුවේ සිටි මෙම රජතුමා ඉන්පසු ක්‍රිස්තු වර්ෂ 1300 දී තම රාජධානිය ලෙස කුරුණෑගල තෝරා ගත්තේය. දෙවන බුවනෙකබාහු රජ ක්‍රිස්තු වර්ෂ 1302 වන තෙක් රාජ්‍ය බලයේ සිටියේය. දෙවන බුවනෙකබාහු රජතුමා ගේ ඇවෑමෙන් රාජ්‍යත්වයට පත් වූයේ ඔහු පුත් හතරවන පරාක්‍රමබාහු රජතුමා ය.,
18/10/2021 10:58:40,IVවන පරාක්‍රමබාහු,සිරි සඟ බෝ රාජවංශය,දඹදෙණිය රාජධානිය,1325 AD,1325 AD,IIවන බුවනෙකබාහුගේ පුත්‍රයායි.,"කුරුණෑගල නගරයේ දළදා මාලිගාවක් කරවීම, දළදා වහන්සේගේ ආරක්ෂාවට හා නඩත්තුවට ගම්වර පූජා කිරීම, දළදා සිරිත ලියවීම, ජාතක පොත සිංහලට හැරවීමට අනුග්‍රහය දැක්වීම,වීදාගම ඝනානන්ද පිරිවෙනට හා තොටගමුවේ විජයබා පිරිවෙනට අනුග්‍රහය දැක්වීම, මහනුවර අස්ගිරි සේනාසනය ආරම්භ කිරීම, සිංහල බෝධි වංශය අනාගත වංශය වැනි පොත් ලියවීම යනාදිය මෙම රජතුමාගෙන් වූ සේවාවන් ලෙස දැක්විය හැකිය.",
18/10/2021 10:59:29,IIIවන බුවනෙකබාහු,සිරි සඟ බෝ රාජවංශය,දඹදෙණිය රාජධානිය,1325 AD,1325 AD,,වන්නි බුවනෙකබාහු ලෙස ද හැඳින්වේ.,
18/10/2021 11:00:05,Vවන විජයබාහු,සිරි සඟ බෝ රාජවංශය,දඹදෙණිය රාජධානිය,1325 AD,1344 AD,යාපාපටුනේ චන්ද්‍ර බානුගේ දෙවන පුත්‍රයායි.,"ක්‍රි.ව. 1325 හෝ 1326 දී රාජ්‍යත්‍වයට පත් වූ පස්වන විජයබාහු රජතුමා, යාපනය රාජධානියෙහි චන්ද්‍රභානුගේ දෙවන පුත්‍රයා ය. මේ රජතුමා ද තම අගනුවර ලෙස තෝරා ගත්තේ කුරුණෑගල යි.",
18/10/2021 11:00:55,IVවන බුවනෙකබාහු,සිරි සඟ බෝ රාජවංශය,ගම්පොළ රාජධානිය,1344 AD,1353 AD,Vවන විජයබාහුගේ පුත්‍රයායි.,"කලින් උප නගරයක් ව පැවතුනු නිසාත්, කඳු කිහිපයකින් වට වූ තැනිතලා බිමක පිහිටි නිසාත්, ශ්‍රී පාද මාර්ගයේ සන්ධිස්ථානයක පිහිටි නිසාත්, මහවැලි ගඟ ගලා බසින නිම් තෙරෙහි පිහිටි නිසාත්, ක්‍රිස්තු වර්ෂ 1341 දී රජ වූ හතරවන බුවනෙකබාහු කුමරු තම අග නගරය වශයෙන් ගම්පොළ තෝරා ගත්තේය.

ඒ කාලයේම ඔහුගේ සහෝදර පස්වන පරාක්‍රමබාහු කෑගලු දිස්ත්‍රික්කයේ දැදිගම පාලනය කළේය. මේ යුගයේම අලකේශ්වර නම් වූ ප්‍රභූ පරම්පරාවක් කළුතර දිස්ත්‍රික්කයේ රයිගම බලවත් වී සිටි අතර, ගම්පොළ රජ පවුල හා සම්බන්ධතා පැවැත්වූ තවත් ප්‍රධාන පවුලක් වශයෙන් සේනාධිලංකාර සෙනෙවිරත් පවුල හැඳින්විය හැකිය.",
18/10/2021 11:01:39,Vවන පරාක්‍රමබාහු,සිරි සඟ බෝ රාජවංශය,ගම්පොළ රාජධානිය,1344 AD,1359 AD,Vවන විජයබාහුගේ පුත්‍රයායි.,ක්‍රිස්තු වර්ෂ 1344 සිට දැදිගම තමාගේම රාජධානියක් පවත්වා ගෙන ආ මෙම රජතුමා හතරවන බුවනෙකබාහු රජතුමාගෙන් පසුගම්පොළ රාජ්‍යත්වයට පත් විය. හතරවන බුවනෙකබාහු රජුගේ කාලයේ මෙන්ම මෙම රජතුමාගේ කාලයෙත් සේනාධිලංකාර නම් අමාත්‍යාවරයා රජුටත් වඩා බලවත් වී සිටි අතර මෙම පුද්ගලයා දකුණු ඉන්දියානු පරපුරකට සම්බන්ධ බව මහාචාර්ය සෙනරත් පරණවිතාන ශූරීන් පෙන්වා දී තිබේ. ක්‍රිස්තු වර්ෂ 139 දී පස්වන පරාක්‍රමබාහු රජතුමාගෙන් පසු රාජ්‍යත්වයට පත් වූයේ තුන්වන වික්‍රමබාහු රජතුමාය.,
18/10/2021 11:02:21,IIIවන වික්‍රමබාහු,සිරි සඟ බෝ රාජවංශය,ගම්පොළ රාජධානිය,1357 AD,1374 AD,IVවන බුවනෙකබාහුගේ පුත්‍රයායි.,පැරණි ගම්පොල රාජධානියේ රජකල රජෙකි. හෙණ කඳ බිසෝ බණ්ඩාර නමින් දේවත්‍වෙයන් සලකන්නේ මොහුගේ අග බිසව බව සැලකේ.,
18/10/2021 11:03:07,Vවන බුවනෙකබාහු,සිරි සඟ බෝ රාජවංශය,ගම්පොළ රාජධානිය,1372 AD,1391 AD,නිශ්ශංක අලකේශ්වරට දාව IIIවන වික්‍රමබාහුගේ සොයුරියට උපන් පුත්‍රයායි.,තුන්වන වික්‍රමබාහු රජතුමාගෙන් පසු ගම්පොල රජ වූයේ පස්වන බුවනෙකබාහු රජු ය. ක්‍රිස්තු වර්ෂ 1372 සිට 1408 දක්වා කාලය මෙතුමාගේ රාජ්‍ය කාලය වශයෙන් සැලකේ.මේ කාලයේදී නැවතත් ආර්ය චක්‍රවර්ති ගොඩින් හා මුහුදින් සිංහල රාජ්‍යයට පහර දුන්නත් අලගක්කෝනාර ගේ ශූර මෙහෙයවීමෙන් ඒ හමුදාංක දෙකම පරාජයට පත් කරනු ලැබීය.,
18/10/2021 11:03:47,IIවන වීරබාහු,සිරි සඟ බෝ රාජවංශය,ගම්පොළ රාජධානිය,1391 AD,1397 AD,Vවන බුවනෙකබාහු රජුගේ මස්සිනායි.,,
18/10/2021 11:04:19,IIවන වීරබාහුගේ පුත්‍රයෙක්,සිරි සඟ බෝ රාජවංශය,ගම්පොළ රාජධානිය,1397 AD,1397 AD,,,
18/10/2021 11:04:46,IIවන වීරබාහුගේ පුත්‍රයෙක්,සිරි සඟ බෝ රාජවංශය,ගම්පොළ රාජධානිය,1397 AD,1397 AD,,,
18/10/2021 11:05:54,වීර අලකේශ්වර,සිරි සඟ බෝ රාජවංශය,ගම්පොළ රාජධානිය,1397 AD,1409 AD,,"අලගක්කෝනාර නැතහොත් අලකේශ්වර( දෙමළ:அழகக்கோன் ) යනු 3 වන වික්‍රමබාහුගේ රජුගේ කාලයේ (1357-1374 ) ශ්‍රී ලංකාවේ සිටි සේනාධිනායකයෙකි. සමහර විද්වතුන්ගේ මතය වන්නේ ඔහුගේ පවුලට මලයාලම් සමිභවයක් ඇති බවයි , සමහරෙක් ඔවුන්ගේ ආරමිභය ඉන්දියාවේ තමිල්නාඩු වල කාංචිපුර යයි පවසති. 13 වන සියවසේ පමණ ශ්‍රී ලංකාවට පැමිණි ඔවුන්,ශ්‍රී ලංකාවට අනුව හැඩගැසුණි[තහවුරු කරන්න]. එම පවුලේ එක් සාමාජිකයෙක් ශ්‍රී ලංකාවේ වර්තමාන අගනුවර වන ශ්‍රී ජයවර්ධනපුර කෝට්ටේ ආරමිභයට මූලික විය. එකල ශ්‍රී ජයවර්ධනපුර කෝට්ටේ හා රයිගම බලකොටු , යාපන රාජධානියෙහි ආර්ය චක්‍රවර්ති ගේ ආක්‍රමණයන්ට එරෙහි ව භාවිතා කරන ලදි. ක්‍රි: ව 1411 දි චින අද්මිරාල් ෂැන් හේ විසින් අලගක්කෝනාර පවුලේ නායක වු වීර අලකේශ්වර ඔවුන්ගේ සිර භාරයට ගත් පසු එම පවුලේ බලය බෙහෙවින් පිරිහුණි.",
18/10/2021 11:31:19,පරාක්‍රමබාහු ඈපා,සිරි සඟ බෝ රාජවංශය,ගම්පොළ රාජධානිය,1409 AD,1412 AD,IVවන බුවනෙකබාහු රජුගේ අමාත්‍යවරයකු වූ සේනාලංකාධිකාර සෙනෙවිරත්ගේ මුණුපුරායි.,,
18/10/2021 11:33:22,VIවන පරාක්‍රමබාහු,සිරි සඟ බෝ රාජවංශය,කෝට්ටේ රාජධානිය,1412 AD,1467 AD,VIවන විජයබාහු රජුගේ සහ සුනේත්‍රා දේවි රැජිනගේ පුත්‍රයායි.,"මේ රජු සමයේ සිදු වූ වැදගත් සිදුවීම් අතර යාපනය හා වන්නි ප්‍රදේශ ඈඳා ගැනීම, මලය රටෙහි හට ගත් කැරැල්ලක් මැඬලීම, වන්නි ප්‍රදේශවල ස්වාධීන ව නැඟී ආ නායකයින් අවනත කර ගැනීම, යාපනයේ පාලකයා ලෙස සපුමල් කුමරු පත් කිරීම, විජයනගර් අධිරාජ්‍යයේ තොටුපොළක් ආක්‍රමණය කිරීම, ක්‍රිස්තු වර්ෂ 1462 දී ජෝතිය සිටානන් ඇති කළ කැරැල්ලක් මැඬලීමට අම්බුළුගල කුමරු යැවීම හා වෙළඳ ගනුදෙනුවක් මුල් කරගෙන දකුණු ඉන්දියාවේ අදිවිරරාම පටුන ආක්‍රමණය කිරීම ද වෙයි.",
18/10/2021 11:34:44,IIවන ජයබාහු,සිරි සඟ බෝ රාජවංශය,කෝට්ටේ රාජධානිය,1467 AD,1480 AD,VIවන පරාක්‍රමබාහු රජුගේ සත්‍ය දියණිය වූ උලකුඩය දේවියගේ පුත්‍රයායි.,"ක්‍රිස්තු වර්ෂ 1467 දී හයවන පරාක්‍රමබාහු රජතුමා මිය ගිය විට එතුමාගේ දියණියගේ පුතා වන ජයබාහු කුමරු දෙවන ජයබාහු නමින් කෝට්ටේ රජකමට පත් විය. තමාට රජකම නොලැබීම නිසා කෝපයට පත්, යාපනයේ පාලකයා වූ සපුමල් කුමරු කෝට්ටේට පැමිණ දෙවන ජයබාහු රජු මරා ක්‍රිස්තු වර්ෂ 1469 දී හයවන බුවනෙකබාහු රජ නමින් කෝට්ටේ බලයට පත් විය.",
18/10/2021 11:37:04,VIවන බුවනෙකබාහු,සිරි සඟ බෝ රාජවංශය,කෝට්ටේ රාජධානිය,1472 AD,1480  AD,VIවන පරාක්‍රමබාහුගේ පුත්‍රයායි.,හයවන පරාක්‍රමබාහු රජ විසින් සපුමල් කුමරු යාපනයේ පාලකයා ලෙස පත් කර යැවීය. ඒ රජුගේ මරණින් පසු ඔහුගේ මුණුපුරා වූ ජයබාහු කුමරු දෙවන ජයබාහු රජ නමින් බලයට පත් වීම නොරිස්සූ සපුමල් කුමරු නැවත් කෝට්ටේට පැමිණ ජයබාහු මරා හයවන බුවනෙකබාහු නමින් රජකමට පත් විය.,
18/10/2021 11:38:49,VIIවන පරාක්‍රමබාහු,සිරි සඟ බෝ රාජවංශය,කෝට්ටේ රාජධානිය,1480 AD,1484 AD,,"අම්බුළුගල කුමරු කෝට්ටේට පැමිණ හත්වන පරාක්‍රමබාහු රජ මරා දමා අටවන වීර පරාක්‍රමබාහු නමින් කෝට්ටේ රජ විය. පෙළ පොතෙහි මෙම වර්ෂය ක්‍රිස්තු වර්ෂ 1490 ලෙස සඳහන් වෙතත් ඉන්ද්‍රකීර්ති සිරිවීර විද්වතාණන් ලියූ ""රජරට ශිෂ්ඨාචාරය හා නිරිතදිග රාජධානි"" නම් පොතෙහි සඳහන් වන්නේ මෙම වර්ෂය ක්‍රිස්තු වර්ෂ 1484 බවයි.",
18/10/2021 11:42:24,VIIIවන පරාක්‍රමබාහු,සිරි සඟ බෝ රාජවංශය,කෝට්ටේ රාජධානිය,1484 AD,1518 AD,VIවන පරාක්‍රමබාහුගේ පුත්‍රයෙකි.,"අම්බුළුගල කුමරු කෝට්ටේට පැමිණ හත්වන පරාක්‍රමබාහු රජ මරා දමා අටවන වීර පරාක්‍රමබාහු නමින් කෝට්ටේ රජ විය. පෙළ පොතෙහි මෙම වර්ෂය ක්‍රිස්තු වර්ෂ 1490 ලෙස සඳහන් වෙතත් ඉන්ද්‍රකීර්ති සිරිවීර විද්වතාණන් ලියූ ""රජරට ශිෂ්ඨාචාරය හා නිරිතදිග රාජධානි"" නම් පොතෙහි සඳහන් වන්නේ මෙම වර්ෂය ක්‍රිස්තු වර්ෂ 1484 බවයි.",
18/10/2021 11:45:48,IXවන ධර්ම පරාක්‍රමබාහු,සිරි සඟ බෝ රාජවංශය,කෝට්ටේ රාජධානිය,1509 AD,1528 AD,IIIවන වීර පරාක්‍රමබාහුගේ පුත්‍රයායි.,,
18/10/2021 11:47:17,VIIවන විජයබාහු,සිරි සඟ බෝ රාජවංශය,කෝට්ටේ රාජධානිය,1509 AD,1521 AD,IXවන ධර්ම පරාක්‍රමබාහුගේ සොහොයුරායි.,"සත්වන විජයබාහු රජ යනු, කෝට්ටේ ප්‍රතිස්ථාපිත කල සයවන පරාක්‍රමබාහු රජ විසින් හදාගත් දරුවකු වන අටවන වීර පරක්‍රමබාහු රජගේ පුත්‍රයාය. ඔහු උපන්නේ 1445 දී පමණ වන අතර ඔහුගේ සහෝදරයන් වන ශ්‍රී රාජසිංහ, නවවන ධර්ම පරාක්‍රමබාහු රජ, සහ රයිගම් බණ්ඩාර යන්නන් සමග ඇතිදැඩි විය. මනම්පේරි ආරච්චි වෙත විවාහපත්ව සිටි සහෝදරියක්ද ඔහුට සිටියේය.",
18/10/2021 11:49:37,VIIවන බුවනෙකබාහු,සිරි සඟ බෝ රාජවංශය,කෝට්ටේ රාජධානිය,1521 AD,1551 AD,විජයබාහුගේ වැඩිමහල්ම පුත්‍රයායි.,"හත්වන බුවනෙකබාහු කෝට්ටේ රජු වූ සත්වන විජයබාහු රජුගේ හා ඔහුගෙ අග බිසවගේ වැඩිමහල් දරුවා විය. 1468දී උපන් ඔහුගේ  සොහොයුරන් වූයේ මායාදුන්නේ හා රයිගම බණ්ඩාර ය. ඔහුගේ පියගේ දෙවන විවාහයේ නව බිසව, දේව රාජසිංහ නම් වෙනත් අයෙකුගෙ පුතෙකු ද රැගෙන ආ අතර රජු ඔහුට තමාගෙන් පසු රජකම ලබා දීමට අදහස් කළ බැවින් බුවනෙකබාහු හා ඔහුගේ සොයුරන් දෙදෙනා රාජධානිය අත්හැර පලා යාමට පෙළඹුනු අතර ඔවුන් නැවත පැමිණියේ උඩරට රාජධානියෙන් ලැබුණු හමුදාවක් ද සමගිනි.",
18/10/2021 11:50:52,ධර්මපාල,සිරි සඟ බෝ රාජවංශය,කෝට්ටේ රාජධානිය,1551 AD,1597 AD,VIIවන බුවනෙකබාහුගේ මුණුපුරා මෙන්ම උරුමකරුවා ද විය.,බුවනෙකබාහු රජුගේ මරණින් පසුව ධර්මපාල කුමාරයා රාජාභිෂේක ලැබීය. ඔහු ශ්‍රී ලංකාවේ පළමු කතෝලික රජු විය.ඉතා දුර්වල පාලකයෙකු වූ මෙතුමා කෝට්ටේ රාජධානිය පෘතුගීසීන්ට තෑගි ඔප්පුවක් මගින් පවරදුන්හ මෙතුමා ඉතා ලබාල අවදියේදී පෟතුගීසින්ගේ වුවමනාවට සිහසුනට පත්වුවෙකු විය එක් අතකට මෙතුමා ලංකාවේ සිටි අවාසනාවන්තම රජු ලෙස සැලකිය හැක සිංහල ඉතිහාසය තුල සිහසුනට පත්වූ එකම කතෝලික සිංහල රජු ඔහුවිය මෙතුමා කෙතාලික දහම වැලදගෙන භෞතිස්ම ලැබූවක් විය කෙසේ වෙතත් මෙතුමාට වැඩිකලක් සිහසුන හෙබවීමට නොහැකිවිය කතොලික රජකු වීම නිසාත් දුර්වල පාලනය නිසාත් මහජන ප්‍රසාදය ලබාගැනීමට නොහැකිවිය සිහසුන හැරදමා පෘතුගීසි ආරක්ෂාව යටතේ කොළඹ පිහිටි බලකොටුවේ සිටියදී මිය ගියහ.,
18/10/2021 12:07:50,මායාදුන්නේ,සිරි සඟ බෝ රාජවංශය,සීතාවක රාජධානිය,1521 AD,1581 AD,VIIවන විජයබාහුගේ පුත්‍රයායි. VIIවන බුවනෙකබාහුගේ සොහොයුරායි.,"මායාදුන්නේ රජ (1501–1581) සීතාවක රාජධානියේ, 1521 සිට 1581 දක්වා වසර 60 ක කාලයක් රජකම් කළේය. මායාදුන්නේ 1505 දී මෙරටට පැමිණි පෘතුගීසි ජාතිකයන්ගේ සැඩපරුෂ සතුරෙක් විය. ඔහු තම ජීවිතයම කැපකරන ලද්දේ තම සොයුරු බුවනෙකබාහු, හෙවත් කෝට්ටේ රාජධානියේ රජ බලයෙන් පහ කර එයින් පෘතුගීසි කුමන්ත්‍රණ නිසා පීඩාවට පත්ව තිබූ ශ්‍රී ලංකාවේ නිදහස රැකගැනීමට ය. ඔහු නිතර තම සොයුරා වූ බුවනෙකබාහුගේ රාජ්‍යයට ආක්‍රමණ එල්ල කරන ලදී.",
18/10/2021 12:08:58,Iවන රාජසිංහ,සිරි සඟ බෝ රාජවංශය,සීතාවක රාජධානිය,1581 AD,1593 AD,මායාදුන්නේගේ පුත්‍රයායි.,"පළමුවන රාජසිංහ රජතුමා [1] සීතාවක රාජධානියේ රජතුමෙකි. එතුමාගේ මහත් එඩිතර බව හා දේශප්‍රේමීත්වය පිළිබඳව ඉතිහාසයේ සඳහන් වේ. සීතාවක රාජධානියේ මායාදුන්නේ රජතුමාට දාව ටිකිරි බණ්ඩාර නමින් උපත ලැබූ මෙතුමාට පෘතුගීසි හමුදා සමඟ සිදු කළ බිහිසුණු සටන් වලින් පසුව ""රාජසිංහ"" යන නාමය ලැබිණි. එහි සිංහයන්ගේ රජු හෝ රාජකීය සිංහයා යන තේරුම ඇත.",
18/10/2021 12:10:26,Iවන විමලධර්මසූරිය,දිනරාජ රාජවංශය,මහනුවර රාජධානිය,1590 AD,1604 AD,විජයසුන්දර බණ්ඩාරගේ පුත්‍රයායි.,"දිවයිනම ප්‍රථම වතාවට මහනුවර රාජධානිය යටතේ පාලනය ගෙන යන ලදි. උපතින් කොනප්පු බණ්ඩාර ලෙස හැඳින්වුනු මෙතුමාගේ පියා පළමුවැනි රාජසිංහ රජුගේ රාජ්‍යයට එරෙහිව කැරලි ගැසුවේ යැයි සැකයට ලක්වී බොරුවලකට වට්ටවා මරවනු ලැබීය. ඉන්පසු ආරක්ෂාව පතා පෘතුගීසීන් වෙත ගොස් කතෝලික දහමද වැළඳගෙන දොන් ජෝන් (දොන් ජෝන් ඔෆ් ඔස්ට්‍රියා, Don John of Austria) නමින් බෞතීස්ම ලබා සිටියේය. උඩරට යටත් කරගෙන සීතාවක සිට රජකම් කළ පළමුවන රාජසිංහ රජු පරාජය කිරීමට දොන් පිලිප් (යමසිංහ බණ්ඩාර) නම් රජකමට උරුමකම් කියන කුමාරයෙක් සමඟ පෘතුගීසීන්ට උදව් කළේය. නමුත් පෘතුගීසින් රජකමට පත්කළේ ඔහුව නොව දොන් පිලිප් නම් කුමාරයාවය. මීට එරෙහි වූ දොන් ජෝන් පෘතුගීසින් ඉවත්ව යනතෙක් සිට දොන් පිලිප් ට වස දී මරා දැමීය. පෘතුගීසින්ට තර්ජනය කොට මහනුවරින් එළවා දැමුවේ යැයි කියවේ. ඉන්පසු ප්‍රසිද්ධියේම කතෝලික දහම අතහැර බුදු දහම වැළඳ ගත්තේය. පළමුවන විමලධර්මසූරිය ලෙසින් සෙංකඩගල රජ විය.",
18/10/2021 12:11:24,සෙනරත්,දිනරාජ රාජවංශය,මහනුවර රාජධානිය,1604 AD,1635 AD,Iවන විමලධර්මසූරිය රජුගේ ඥාති සොහොයුරායි.,සෙනරත් ( සෙනරත් අඳසින් ) රජු ක්‍රි. ව. 1604 සිට 1635 දක්වා මහනුවර අගනුවර කර ශ්‍රී ලංකාවේ පාලනය ගෙන යන ලදී. එතුමා පළමුවන විමලධර්මසූරිය රජුගේ සහෝදරයයි .,
18/10/2021 12:12:13,IIවන රාජසිංහ,දිනරාජ රාජවංශය,මහනුවර රාජධානිය,1635 AD,1687 AD,සෙනරත් රජුගේ සහ දෝන කැතරිනා බිසව‍ගේ පුත්‍රයායි.,දෙවැනි රාජසිංහ (අභිෂේකයට පෙර මහා අස්ථාන කුමරු) රජු (ක්‍රි:ව 1634 -1686 දක්වා පාලනය කළ) සිංහල රජෙකි. ඔහු ශ්‍රී ලංකාවේ කන්ද උඩරට රාජධානියේ තෙවැනි සිංහල රජුය. රාජසිංහ රජු පෘතුග්‍රීසීන් ලංකාවෙන් පළවා හැරීමට ලන්දේසීන්ගේ උදව් පැතුවේය. ඔව්හු 1656 දී එය ඉතා සාර්ථකව ඉටු කළහ. එහෙත් ඒ වන විට ලන්දේසීන්ගේ පරමාර්ථය වී තිබුණේ පෘතුග්‍රීසීන් ලංකාවෙන් පළවා හැරීම පමණක් නොව දිවයිනෙහි ප්‍රධාන යටත් විජිත බලවතා වීම බව උඩුරැටියනට ඒ වන විට පැහැදිළි වී තිබුණි. රාජසිංහ 1645 සිට තම කලින් සතුරු කණ්ඩාම් සමග විටින් විට සටන්වල නිරත වෙමින් සිටියේය.,
18/10/2021 12:12:52,IIවන විමලධර්මසූරිය,දිනරාජ රාජවංශය,මහනුවර රාජධානිය,1687 AD,1707 AD,IIවන රාජසිංහ රජුගේ පුත්‍රයායි.,,
18/10/2021 12:13:39,ශ්‍රී වීර පරාක්‍රම නරේන්ද්‍රසිංහ,දිනරාජ රාජවංශය,මහනුවර රාජධානිය,1707 AD,1739 AD,IIවන විමලධර්මසූරිය රජුගේ පුත්‍රයායි.,"ශ්‍රී වීර පරාක්‍රම නරේන්ද්‍රසිංහ (වීර පරාක්‍රම නරේන්ද්‍රසිංහ) රජු සිංහල රාජ වංශයේ අන්තිම සිංහල රජුයි. එතුමා ක්‍රි.ව.1707 සිට 1739 දක්වා මහනුවර රාජධානියේ රාජ්‍යත්වයට පත් විය. එතුමා II වන විමලධර්මසූරිය රජුගේ පුත්‍රයායි. ශ්‍රී වීර පරාක්‍රම නරේන්ද්‍රසිංහ රජු වයස 17 දි සිහසුනට පත් වූ අතර වසර 32 රාජ්‍යය පාලනය කලේය. එතුමා උගත් මෙන්ම ශ්‍රද්ධාවන්ත රජ කෙනෙකු ලෙස සළකනු ලැබුවේය. පෙර රාජ්‍යත්වය දැරූවන් මෙන් එතුමාද ලන්දේසි ආක්‍රමණිකයන් සමග සමාදානයෙන් කටයුතු කලේය. එමෙන්ම එතුමා සාහිත්‍ය හා ආගමික චිරස්ථිතිය උදෙසා මහඟු කැපවිමක් කලේය. එතුමාගේ බිසව දකුණු ඉන්දියාවේ මදු‍රෙයි නගරයේ නායක්කර් රාජකීය පවුලේ කුමාරිකාවක් විය. රජුට සිහසුනට පත් කිරිම සදහා දරුවෙකු ලැබුණේ නැත. එම නිසා රජු ඔහුගේ අනුප්‍රාප්තිකයා ලෙස තම පළමු බිසවගේ සහෝදරයා නම් කළේය(ශ්‍රී විජය රාජසිංහ රජ), එමගින් සිංහලේ රාජාවලිය අවසන් වන තුරු.උඩරට පාලනය කරන ලද දුර්වලම පාලකයා මොහුය.",
18/10/2021 12:14:51,ශ්‍රී විජය රාජසිංහ,මහනුවර නායක්කර් රාජවංශය,මහනුවර රාජධානිය,1739 AD,1747 AD,වීර පරාක්‍රම නරේන්ද්‍රසිංහ රජුගේ මස්සිනායි,"නරේන්ද්‍ර සිංහ රජුගේ පළමු බිරිඳගේ සහෝදරයා නොහොත් රජුගේ මස්සිනා වූ ශ්‍රී විජය රාජසිංහ එම නමින්ම මහනුවර රාජධානියේ රජු ලෙස සිහසුනට පත් විය. ඔහු දකුණු ඉන්දියාවේ විජයනගර් පරම්පරාවෙන් පැවත එන්නෙකි. ඔහුගේ සම්භවය ද මදුරෙයි නගරයයි. නව රජු සැලකිය යුතු තරමේ ප්‍රබුද්ධයෙකු විය. හින්දු භක්තිකයෙකු වුවත් ජාතික ආගම වූ බුද්ධාගමේ උන්නතිය සඳහා සම්පූර්ණ අවධානය යොමු කළේය. ඔහු රටේ නොයෙක් ස්ථානවල ගල් ලෙන්වල බුදුන්ගේ සැතපෙන පිළිම, හිටි පිළිම, හා හිඳි පිළිම ජීවමාන ප්‍රමාණයට ගලින් නිම කිරීමට කටයුතු කළේය. එවකට මුහුදු බඩ ප්‍රදේශ පාලනය කරමින් සිටි ලන්දේසීන් සමග වෙළඳ කටයුතු මුල් කරගෙන සටන් කීපයක නියැලීමට රජුට සිදු විය. ශ්‍රී විජය රාජසිංහ පල්ලි විනාශ කළේය. ලන්දේසීන්ට හා පෘතුග්‍රීසීන්ට නොයෙක් වද හිංසා පැමිණ වූ අතර එම තත්වය කීර්ති ශ්‍රී යුගය දක්වා පැවතියේය. රටේ ව්‍යසනකාරී සිද්ධීන් කීපයක් ඇති වූ අතර එවැනි දෑ සිදු වන්නේ රජුගේ ක්‍රියා කලාපයන් නිසා යැයි රජු සිතුවේය. එයින් පසු පමණක් රජුගේ එම ක්‍රියා නැවතුණේය.",
18/10/2021 12:15:38,කීර්ති ශ්‍රී රාජසිංහ,මහනුවර නායක්කර් රාජවංශය,මහනුවර රාජධානිය,1747 AD,1782 AD,ශ්‍රී විජය රාජසිංහ රජුගේ මස්සිනායි,කීර්ති ශ්‍රී රාජසිංහ යනු විජයරාජසිංහගේ බිරිඳගේ වැඩිමහල් සහෝදරයාය. ඔහු පැමිණියේ 'මදුරෙයි' නගරයෙනි. ඔහු සිහසුනට උරුමකම් ලැබූ තවත් මස්සිනා කෙනෙකු වූයේ එපරිද්දෙනි. එමෙන්ම ඔහු දකුණු ඉන්දීය රජ පෙළපතේ දෙවැන්නාය. කීර්ති ශ්‍රී රාජසිංහ ඔහුගේ මස්සිනාගෙන් පසු රජු බවට පත් වන විට සියුමැලි තරුණයෙකි. ඔහුට සිහසුනේ උරුමය ලැබුණේ 1751 වර්ෂයේදී ය.,
18/10/2021 12:16:25,ශ්‍රී රාජාධි රාජසිංහ,මහනුවර නායක්කර් රාජවංශය,මහනුවර රාජධානිය,1782 AD,1798 AD,කීර්ති ශ්‍රී රාජසිංහගේ සොහොයුරායි.,ශ්‍රී රාජාධි රාජසිංහ (ක්‍රි.ව. 1782-1798) නමින් සිහසුනට උරුමකම් ලැබූ ඔහු කීර්ති ශ්‍රී රාජසිංහ රජුගේ සොහොයුරාය. ඔහුද තම සහෝදරයා සමග මදුරෙයි හි සිට මෙහි පැමිණියේ කුඩා ළමයෙකුව සිටියදීය. මේ හේතුව නිසාම ඔහු හැදී වැඩුනේ උඩරැටියෙකු පරිද්දෙනි. සිංහලයෙකු පරිද්දෙනි. එවකට මල්වතු විහාරයේ නායක හිමියන්ගේ දක්ෂතම ශිෂ්‍යයෙකු ලෙස කැපී පෙනුණේය. ඔහු විවිධ දක්ෂතාවලින් යුත් අයෙකු විය. භාෂා බොහොමයක් ඉගෙන ගත්තේය. පාලි සහ සංස්කෘත ද ඒ අතර විය. බුද්ධාගම සම්බන්ධයෙන් නොමසුරු දායකත්වයක් සැපයූ ඔහු කාව්‍ය රසිකයෙකු විය. එසේම කවියෙක් ද විය.,
18/10/2021 12:17:18,ශ්‍රී වික්‍රම රාජසිංහ,මහනුවර නායක්කර් රාජවංශය,මහනුවර රාජධානිය,1798 AD,1815 AD,ශ්‍රී රාජාධි රාජසිංහගේ බෑණායි.,ශ්‍රී වික්‍රම රාජසිංහ රජතුමා හෙළ ශ්‍රී ලංකාවේ රාජධානිය ඉංග්‍රීසීන්ට යටත්වීමට පෙර එහි අවසාන රජතුමා විය. ඔහු ශ්‍රී රාජාධිරාජසිංහ රජුගෙන් පසු 1798 දී සිහසුනට පත් විය. ඛ්‍රිතාන්‍යයන් විසින් මහනුවර යුද්ධය අවසානයේදී ඔහු පරාජය කොට පහ කරන ලදි. ඔහු නායක්කාර වංශයට අයත් දකූණු ඉන්දීය ජාතිකයෙකි. කන්නසාමි නම් වු මොහු 1798 දී සිංහාසනාරූඪ වන විට අභිෂේකය සඳහා ශ්‍රී වික්‍රම රාජසිංහ නම තෝරා ගන්නා ලදි. ඔහු ලංකාවේ නායක්කාර රජ පෙළපතෙහි අවසාන රජු විය.,
